---
# Netlify _redirects template. Documentation can be found on https://docs.netlify.com/routing/redirects/.
#
# The _redirects file is included in _config.yml/include key otherwise Jekyll doesn't copy it to
# _site directory, where Netlify expects it.
#
# To create a new redirect, add an alternate_urls array in the page front-matter.

# Setting a layout forces Jekyll to render this file
layout: null
---
{% for page in site.pages -%}
# Redirects for {{page.path}}
  {%- if page.alternate_urls %}
    {%- for url in page.alternate_urls %}
{{url}}       {{page.permalink}}
    {%- endfor %}
  {%- endif %}
  {%- if page.layout == 'product' %}
{{page.permalink}}/_edit     https://github.com/endoflife-date/endoflife.date/edit/master/{{page.path}}
{%- comment %}API v0 redirect{% endcomment %}
/api{{page.permalink}}       /api{{page.permalink}}.json
    {%- if page.alternate_urls  %}
      {%- for url in page.alternate_urls %}
/calendar{{url}}.ics       /calendar{{page.permalink}}.ics
/api{{url}}.json       /api{{page.permalink}}.json
/api{{url}}/*       /api{{page.permalink}}/:splat
/api/v1/products{{url}}/*       /api/v1/products{{page.permalink}}/:splat
      {%- endfor %}
    {%- endif %}
  {%- endif %}

{% endfor %}

# Clients will try to access /favicon.ico, in some scenarios we don't want the file in our codebase,
# because the theme embeds it as a favicon, so instead set a redirect for these clients to a PNG file instead.
/favicon.ico /assets/favicon-32x32.png

# Rewrite for /api/v1/ to keep URLs clean.
# All API responses are located in an index.json and must be accessible without the file name, such as:
# - /api/v1/index.json -> /api/v1/
# - /api/v1/products/almalinux/index.json -> /api/v1/products/almalinux/
# This uses shadowing : https://docs.netlify.com/routing/redirects/rewrites-proxies/#shadowing, and
# it must be declared at the end of the file to not take precedence on the redirects (see
# https://docs.netlify.com/routing/redirects/#rule-processing-order).
/api/v1/*       /api/v1/:splat/index.json       200!

# A few permanent redirects for removed pages
/tags/api-gateway                  /tags/web-server
/tags/configuration-management     /
/tags/db                           /tags/database
/tags/library                      /tags/framework
/tags/managed-mysql                /tags/database
/tags/managed-postgresql           /tags/database
/tags/package-manager              /tags/build-tool
/tags/redhat                       /tags/red-hat
